gender,email,phone,cell,nat,name.title,name.first,name.last,location.street.number,location.street.name,location.city,location.state,location.country,location.postcode,location.coordinates.latitude,location.coordinates.longitude,location.timezone.offset,location.timezone.description,login.uuid,login.username,login.password,login.salt,login.md5,login.sha1,login.sha256,dob.date,dob.age,registered.date,registered.age,id.name,id.value,picture.large,picture.medium,picture.thumbnail
female,isabella.gagne@example.com,Z37 Q31-7572,O52 H98-0061,CA,Miss,Isabella,Gagné,8689,Park Rd,Stratford,Saskatchewan,Canada,P0E 4K7,-72.1444,46.1995,-2:00,Mid-Atlantic,8545dadd-cbb0-425f-8cae-38f85f5ca61c,tinyduck577,pelican,SUciu0YX,810741c6c3e8cf28dc83e6047ebfc187,f1976afde6ee2a87f96fd6bafdac028b11c36e30,e338eb6e17494af8a22a0aaf38fed82042529a33d57c245b775c199c8a67adf9,2001-02-21T12:27:43.736Z,24,2012-10-18T02:23:52.685Z,13,SIN,385383005,https://randomuser.me/api/portraits/women/30.jpg,https://randomuser.me/api/portraits/med/women/30.jpg,https://randomuser.me/api/portraits/thumb/women/30.jpg
female,guta.peixoto@example.com,(34) 3694-6817,(66) 1161-5311,BR,Miss,Guta,Peixoto,4439,Rua Bela Vista ,Votorantim,Roraima,Brazil,93828,5.3494,100.8659,+11:00,"Magadan, Solomon Islands, New Caledonia",49844fd0-0a28-46a5-8b50-59610b88c351,silverbear327,colton,lpKTlqeM,27f146148fbc02eda5342afd727301b3,505d8423e6fe752eb9a21894a54697e6e3306b42,4c24963d92f45333d99751dc3fb75afcd4230fdc935169329592aa2ccd248857,2000-11-15T22:02:49.926Z,24,2014-12-19T01:42:51.152Z,10,CPF,130.168.914-91,https://randomuser.me/api/portraits/women/54.jpg,https://randomuser.me/api/portraits/med/women/54.jpg,https://randomuser.me/api/portraits/thumb/women/54.jpg
male,lineu.darosa@example.com,(40) 2735-1960,(60) 4276-1919,BR,Mr,Lineu,da Rosa,8649,Rua Primeiro de Maio ,Palmas,Rio de Janeiro,Brazil,67306,-48.4383,128.2460,-10:00,Hawaii,f75bffd4-2280-4a01-be0a-53898aa86a3b,brownzebra193,mang,2qI7uGDf,254664d111cbf187363c6d8beacad8a7,4a54f33b15ef7571a14efd08f9a06f5ba6bab380,b6979b0e18ea9add29f6fd0774fa1e8f529bcc031fd42b0498313f89c2bad05a,1997-05-21T04:47:18.240Z,28,2007-05-15T12:00:56.056Z,18,CPF,683.135.514-11,https://randomuser.me/api/portraits/men/14.jpg,https://randomuser.me/api/portraits/med/men/14.jpg,https://randomuser.me/api/portraits/thumb/men/14.jpg
male,romain.meyer@example.com,04-08-83-90-79,06-72-88-62-28,FR,Mr,Romain,Meyer,5531,Rue de L'Abbé-Roger-Derry,Saint-Denis,Bas-Rhin,France,22242,88.6766,-31.7498,+6:00,"Almaty, Dhaka, Colombo",5c103bc2-f760-4e85-9e9c-8f74dc19639c,sadgoose531,pool6123,KpeKrQZf,8af6e53287d4e53defe7d22aeff4c95f,57d5cb72f92fe12da235b811e38f92a0ac8a7924,a434125a278b95958892ea08b0b70d5bbcaea9c10fe45bb5d35792488e8e2294,1944-12-22T19:22:50.369Z,80,2006-08-31T13:33:14.995Z,19,INSEE,1441113592242 84,https://randomuser.me/api/portraits/men/58.jpg,https://randomuser.me/api/portraits/med/men/58.jpg,https://randomuser.me/api/portraits/thumb/men/58.jpg
female,kathi.dufour@example.com,079 256 93 12,077 706 46 93,CH,Madame,Käthi,Dufour,555,Rue Abel-Ferry,Rances,Luzern,Switzerland,8863,-21.2956,30.8917,+3:30,Tehran,c77dd68c-dec4-4d86-9610-991276c1f6b4,crazygorilla731,harold,ay5tptPR,7e42b56bb03302574f83ec95e0844b9c,b33e275e82abd373e09b34a278f129b021a86b73,3d867a19ba77f25ecb05b904ab1f538831ab8300c0b7a6cc52606956c12048f6,1990-06-27T20:03:26.565Z,35,2006-11-22T07:03:45.526Z,18,AVS,756.7673.4264.95,https://randomuser.me/api/portraits/women/10.jpg,https://randomuser.me/api/portraits/med/women/10.jpg,https://randomuser.me/api/portraits/thumb/women/10.jpg
female,yuhimiya.verbickiy@example.com,(066) N61-8155,(099) L02-0323,UA,Ms,Yuhimiya,Verbickiy,7612,Hvilovogo,Dolina,Poltavska,Ukraine,21999,86.7868,-20.1803,-12:00,"Eniwetok, Kwajalein",2fde249b-3419-43c0-8fa9-665af7bd2caa,heavybird703,fick,hOY3mZ1F,b97fa40132731b55bf34a4bbcb0bf7f0,01a65089789401eb624e9edaf6988e6852f5d1d7,75a4cce41c9045ff8bce895ccd13e76ce1336cf88b8cb54ff2f9f9ebe608e6ae,1994-01-06T07:10:10.822Z,31,2020-06-26T07:49:58.092Z,5,,,https://randomuser.me/api/portraits/women/35.jpg,https://randomuser.me/api/portraits/med/women/35.jpg,https://randomuser.me/api/portraits/thumb/women/35.jpg
female,hsty.ysmy@example.com,050-70534899,0968-051-1410,IR,Mrs,هستی,یاسمی,3401,دکتر لواسانی,اراک,ایلام,Iran,72541,-62.7575,-136.8567,-8:00,Pacific Time (US & Canada),a2952125-02ad-4f27-b217-951d89aad48f,sadfish385,redfish,JfNghsTg,66b4b61426d05ef066e00cb5355653e5,bb7d22279d8bce629439025dfeb0001a57514c8a,883f1a2aa944061b9197204ea3191b0c8634e52f22c12baab53af30d40cc6ec6,1985-02-16T15:24:28.742Z,40,2009-08-12T11:34:41.155Z,16,,,https://randomuser.me/api/portraits/women/54.jpg,https://randomuser.me/api/portraits/med/women/54.jpg,https://randomuser.me/api/portraits/thumb/women/54.jpg
male,alexander.madsen@example.com,21020974,68812974,DK,Mr,Alexander,Madsen,7608,Frederikssundsvej,Lundby,Sjælland,Denmark,78139,-31.8937,7.3062,+4:00,"Abu Dhabi, Muscat, Baku, Tbilisi",7193f1e4-2614-4c59-af90-9063ba2f1fad,organicdog284,atomic,F5IIGeIG,e5d5646d734245f26cdd52ff43b9d0cd,33f7ad4e5c42b4964168d7883293c5f6d1c236a5,ef184fe5f71dcc160d037ee8413caa570013ed02b7182e545c19f3ec2ca7affb,1950-04-28T20:33:46.695Z,75,2003-01-27T19:22:29.592Z,22,CPR,280450-5628,https://randomuser.me/api/portraits/men/23.jpg,https://randomuser.me/api/portraits/med/men/23.jpg,https://randomuser.me/api/portraits/thumb/men/23.jpg
male,gerald.snyder@example.com,(821) 260-4670,(531) 565-3175,US,Mr,Gerald,Snyder,4138,Locust Rd,Eureka,South Dakota,United States,58614,-34.4532,-114.3214,-12:00,"Eniwetok, Kwajalein",68827126-4dac-489d-9294-194bd1bb5703,tinytiger314,gofish,q6cShhlq,95b1d4323c697d34f62ddbb7c5cc5b28,e65fa878a604290829c8652709131e505d42bfa1,7bf868cdadc18df0dabdf8ed8efe12ef7dbefa6d976d196518ab6eeea41cd425,1944-12-21T06:46:39.070Z,80,2004-04-08T08:20:27.442Z,21,SSN,180-90-2050,https://randomuser.me/api/portraits/men/91.jpg,https://randomuser.me/api/portraits/med/men/91.jpg,https://randomuser.me/api/portraits/thumb/men/91.jpg
female,isabelle.henry@example.com,015242 27144,07623 149675,GB,Ms,Isabelle,Henry,6054,Park Lane,Belfast,Lancashire,United Kingdom,RR9V 5BP,16.0404,86.9795,-8:00,Pacific Time (US & Canada),1ed5e1be-c4ec-4a33-a268-f43742a83f90,redduck384,smackdow,4mYCOs7v,476d0912eb02c0d6dbb656304c5c8ab0,f8c892b2cf643b8c47f8e114872135f7576cb549,3d6c7e6ab3cb9f223a7a13099f02cb957924ad660d06646faf6c2ad069734fde,1962-09-27T00:13:26.267Z,63,2005-10-12T09:13:40.729Z,20,NINO,XH 31 77 60 A,https://randomuser.me/api/portraits/women/79.jpg,https://randomuser.me/api/portraits/med/women/79.jpg,https://randomuser.me/api/portraits/thumb/women/79.jpg
male,miro.kyllo@example.com,04-516-759,047-451-22-26,FI,Mr,Miro,Kyllo,9950,Myllypuronkatu,Kristinestad,North Karelia,Finland,63493,-27.5581,67.3153,+5:00,"Ekaterinburg, Islamabad, Karachi, Tashkent",7a06e445-ab64-46bc-b19d-f499f6247c0a,whitedog662,showing,atr4TQuF,c11d09b2faffefb5b4aa2d1726141ec8,54b09d48e4ba370fc76d6a9224239cff46bdb885,fc41749b8cc1ef5108f092c4980a6a7ba5af052fd98b4c7dd55de9798b5e7528,1959-10-27T01:46:24.196Z,66,2010-07-08T13:06:48.019Z,15,HETU,NaNNA209undefined,https://randomuser.me/api/portraits/men/13.jpg,https://randomuser.me/api/portraits/med/men/13.jpg,https://randomuser.me/api/portraits/thumb/men/13.jpg
male,luukas.tuominen@example.com,08-611-498,049-492-75-38,FI,Mr,Luukas,Tuominen,2585,Verkatehtaankatu,Kiiminki,Kainuu,Finland,69410,-7.1563,59.5154,+7:00,"Bangkok, Hanoi, Jakarta",e6cac574-a7f8-4e9f-ae0c-e4a21add3dd8,blackostrich644,baxter,mdV2XRbI,2bf9a74e9fcc87dfa838aa00b8dca215,afcc8eaaddd45897fcd8b2c8ece346a12f01c5a7,40104b3fac75e2f5657ce17c6eb3d9d0ad590fe847c0aa12413ec338b9ee3c76,1972-04-23T02:23:30.060Z,53,2011-01-03T22:31:46.772Z,14,HETU,NaNNA367undefined,https://randomuser.me/api/portraits/men/8.jpg,https://randomuser.me/api/portraits/med/men/8.jpg,https://randomuser.me/api/portraits/thumb/men/8.jpg
male,shyn.shylyrd@example.com,057-61175620,0922-688-9711,IR,Mr,شایان,سهيلي راد,8228,شهید کبیری طامه,خوی,سمنان,Iran,39067,-27.1128,-22.2417,+11:00,"Magadan, Solomon Islands, New Caledonia",1ade518a-2c38-48f6-9406-449ccf625402,silverwolf835,eddie,ceQT968O,c39166c128f23e7acaf23cbbe10e9abd,e329f30b5f5a5caeb91d17a38f3a7dbbbc1eaa70,4b9a5bdf2c263c7459203fd7e00cfe8abc2ef83001008648e506121822f79bd6,1973-07-17T18:07:12.981Z,52,2006-09-04T03:23:46.778Z,19,,,https://randomuser.me/api/portraits/men/12.jpg,https://randomuser.me/api/portraits/med/men/12.jpg,https://randomuser.me/api/portraits/thumb/men/12.jpg
male,vincent.anderson@example.com,(400)-548-0582,(052)-404-2416,NZ,Mr,Vincent,Anderson,1046,Buckleys Road,Porirua,West Coast,New Zealand,54189,35.0825,24.0214,-7:00,Mountain Time (US & Canada),1a114b1b-b45b-4589-9c08-57effac18226,organicfrog759,cunts,iuPmEMkv,dfd1cdcc839caa13aec1cf112cbb64ae,7dea7e4af02fd63501274a1265c3946639681807,13a90f7c7cd39fe0d6fa5d4c5e43cdbf8e6a6b2311adcfc944a4d2b0ac85c27f,1988-10-31T21:01:41.641Z,36,2012-12-15T18:26:31.373Z,12,,,https://randomuser.me/api/portraits/men/94.jpg,https://randomuser.me/api/portraits/med/men/94.jpg,https://randomuser.me/api/portraits/thumb/men/94.jpg
male,rainer.steidle@example.com,0600-0451084,0170-2731283,DE,Mr,Rainer,Steidle,755,Goethestraße,Marktleuthen,Thüringen,Germany,76808,-70.4201,-174.4653,0:00,"Western Europe Time, London, Lisbon, Casablanca",30079c37-cc8e-4988-9881-93310343040f,beautifulkoala106,ciccio,ii3ux1fi,9f5f384402f8af0799e9439e9f93eddd,15d9ebc428c7e406f5570b6a6560e0eb706d5380,115d447158bddadc41b7664d2f757cbc91360e7d2b681c890a1a429320913a36,1989-01-21T09:20:57.064Z,36,2020-08-08T00:29:23.219Z,5,SVNR,76 210189 S 335,https://randomuser.me/api/portraits/men/34.jpg,https://randomuser.me/api/portraits/med/men/34.jpg,https://randomuser.me/api/portraits/thumb/men/34.jpg
female,mary.mcdonalid@example.com,013873 84908,07229 765173,GB,Miss,Mary,Mcdonalid,7131,Broadway,Westminster,Dumfries and Galloway,United Kingdom,SN8T 5XW,53.3387,-18.9816,-10:00,Hawaii,ade23eb6-9b4d-4f16-9067-4c84e0b11246,beautifulpeacock860,ursitesux,hA2Iv1BG,a88089572218787271ce84604117293d,5081f18375f1c071581024e6f4e88aef3a2eb274,85c10cf79bbe923a2147f4b8e5dfecf8b8bd0354992fc18791a02a9774a68251,1985-12-20T00:26:45.769Z,39,2015-12-31T18:30:23.142Z,9,NINO,HK 81 18 04 G,https://randomuser.me/api/portraits/women/73.jpg,https://randomuser.me/api/portraits/med/women/73.jpg,https://randomuser.me/api/portraits/thumb/women/73.jpg
female,emy.picard@example.com,04-34-74-81-76,06-73-82-44-13,FR,Ms,Emy,Picard,4310,Rue Principale,Clermont-Ferrand,Calvados,France,99992,73.8538,143.2934,-6:00,"Central Time (US & Canada), Mexico City",301ed410-a17a-4b17-917a-851c81d0f141,yellowlion704,grande,L6yAgVbJ,1867361545565cecc5cf69a2d0888c1d,a9f9d9eda27b981ef4174b4969bbc6c4a12f48ed,75172a83792218aa4d16a287c9cf7bebaca85a91e88b6645bfb3453fa17ba266,1967-07-09T19:36:28.768Z,58,2018-08-31T03:54:09.193Z,7,INSEE,2670614085729 40,https://randomuser.me/api/portraits/women/4.jpg,https://randomuser.me/api/portraits/med/women/4.jpg,https://randomuser.me/api/portraits/thumb/women/4.jpg
male,mario.nguyen@example.com,(675) 433-2228,(623) 845-8083,US,Mr,Mario,Nguyen,9432,Preston Rd,Salinas,Vermont,United States,76176,4.6246,-175.3692,-1:00,"Azores, Cape Verde Islands",7966e299-193e-43c7-a4f5-da3552df0603,whitefish327,colorado,z4bkVziG,eb2118e5d9a097e3ac383de778d85a8e,9fc43837174ee0fbc5f8fe62b9ef3e81802e5bf5,a2df89639eeba0de3d9c662c5412bcf4bd8227d0349469453d45005d976409fb,1987-05-14T02:28:01.425Z,38,2019-10-09T12:19:37.525Z,6,SSN,123-31-7121,https://randomuser.me/api/portraits/men/47.jpg,https://randomuser.me/api/portraits/med/men/47.jpg,https://randomuser.me/api/portraits/thumb/men/47.jpg
male,marinko.zekic@example.com,014-1086-102,060-7760-577,RS,Mr,Marinko,Zekić,8641,Dragutina Tomaševića,Gadžin Han,Pomoravlje,Serbia,30307,86.7584,-166.7827,+3:30,Tehran,85bc6992-e675-42a4-b337-67f3e4216355,happyzebra348,original,fwMmIaHJ,bbefed506fcc48e7d63059f72eb2ce4a,ac666a31d5a6659a4de2b48a5e912da1e8b542e3,e57ce9700733bb8e1acab810f28b5848bb9d7233d80510f87b2e1bfec2b28945,1951-01-19T03:13:26.975Z,74,2013-08-23T01:26:11.071Z,12,SID,048060053,https://randomuser.me/api/portraits/men/37.jpg,https://randomuser.me/api/portraits/med/men/37.jpg,https://randomuser.me/api/portraits/thumb/men/37.jpg
male,myraaly.rdyyn@example.com,047-61452851,0977-796-0413,IR,Mr,اميرعلي,رضاییان,200,شهید گلپایگانی,نیشابور,کرمان,Iran,12864,-46.7073,-29.0993,-12:00,"Eniwetok, Kwajalein",54b2670e-d244-4fe1-abaf-2f097fdd4186,whitemeercat440,dolly,2BxAHea2,2d53bbae5f459679e15639e83b5c0689,7f2eccf1ee8c8db9fd54c639702fac0046da608e,2d8139ba6e0da900f9046b42b3f2ea988ed60dd04bd9c3c6e039c921a5323b5d,1953-02-18T15:38:18.388Z,72,2011-11-08T22:19:57.251Z,13,,,https://randomuser.me/api/portraits/men/21.jpg,https://randomuser.me/api/portraits/med/men/21.jpg,https://randomuser.me/api/portraits/thumb/men/21.jpg
male,ivan.mendez@example.com,960-004-782,625-270-090,ES,Mr,Iván,Méndez,3624,Calle de Bravo Murillo,Móstoles,Comunidad Valenciana,Spain,81725,-15.0080,13.5830,-12:00,"Eniwetok, Kwajalein",247ec38c-02ee-4af7-8fc9-94ed95622a20,whitedog762,master1,W7lc0Qg2,a1ac958e64124d3a5082871e6342c143,8b91ea1b6c30598a87d7a3da6f8b21952a6ec380,fd5b015ae6f3b16091ce742d70f674ec84b977081f4d69ce31238a13abd65a24,1966-06-11T06:47:15.379Z,59,2014-03-13T09:04:19.326Z,11,DNI,97019133-B,https://randomuser.me/api/portraits/men/84.jpg,https://randomuser.me/api/portraits/med/men/84.jpg,https://randomuser.me/api/portraits/thumb/men/84.jpg
male,antoine.leclercq@example.com,03-02-40-63-85,06-90-83-81-22,FR,Mr,Antoine,Leclercq,1202,Rue de la Baleine,Argenteuil,Alpes-de-Haute-Provence,France,83929,73.9121,45.7571,+8:00,"Beijing, Perth, Singapore, Hong Kong",c1a4a351-7f9c-4922-bee6-c3f4b9fd4b61,greenmeercat708,christie,DgVX2PgP,f7cea72bda7b42ebac66eacb948344f9,85f689c668e540f36b55978a7227be1ae11b38f5,057ed35b98b9faf7848cf20c83f38934d28cb45f19e9e3ce6ce8767b15ee6013,1972-04-15T04:08:31.488Z,53,2017-07-07T18:56:11.248Z,8,INSEE,1720392734697 78,https://randomuser.me/api/portraits/men/86.jpg,https://randomuser.me/api/portraits/med/men/86.jpg,https://randomuser.me/api/portraits/thumb/men/86.jpg
female,oona.laitinen@example.com,09-601-490,041-863-33-35,FI,Ms,Oona,Laitinen,4009,Hämeenkatu,Nilsiä,Pirkanmaa,Finland,90874,-69.2609,158.8311,0:00,"Western Europe Time, London, Lisbon, Casablanca",2522aafd-808a-4aba-85ce-451bba105696,yellowbird136,sweetpea,mOAIgzli,1165ef761cb603200675aab5c284074d,c95fcfa55c6540d38b7066bc20cf3335879ef36a,23d964d009f5c13ff20b494e23bb6639af7c5f02e3ab250fd663c44d7e314f9e,1967-02-01T11:31:33.964Z,58,2009-09-23T16:13:21.836Z,16,HETU,NaNNA494undefined,https://randomuser.me/api/portraits/women/40.jpg,https://randomuser.me/api/portraits/med/women/40.jpg,https://randomuser.me/api/portraits/thumb/women/40.jpg
male,joseph.andrade@example.com,8345969806,7585565647,IN,Mr,Joseph,Andrade,881,Carter Rd Promenade,Mahbubnagar,Nagaland,India,61345,35.4450,178.2193,-3:00,"Brazil, Buenos Aires, Georgetown",6559044e-ba58-4ce2-9462-482ab8eb7913,sadwolf515,forget,CbyuoEBS,e9c697de2f13edfc432d75eacbf65533,3517a3492aa12374ef6a2b07eef732da58cb3b6f,c2426fffd50eec25137af03e11d755ddc138b304969ce8e282df4fb0baf4d862,1993-10-11T12:06:02.722Z,32,2005-06-13T19:47:15.133Z,20,UIDAI,140494496868,https://randomuser.me/api/portraits/men/57.jpg,https://randomuser.me/api/portraits/med/men/57.jpg,https://randomuser.me/api/portraits/thumb/men/57.jpg
male,ernst-otto.kindler@example.com,0013-9777550,0176-9993714,DE,Mr,Ernst-Otto,Kindler,2320,Ringstraße,Traben-Trarbach,Thüringen,Germany,67887,-51.6925,-75.1120,+8:00,"Beijing, Perth, Singapore, Hong Kong",931e548e-d4f4-42a3-8cdc-b0812b9761da,beautifulbird375,samuel1,jggvbrX5,bc20fab2335bf64a90c1fdc443802f4e,53f24568de0db54abc76f056202bd52babb08596,4c2d29173cfaf84cd4bbf99aa71ccf539a25f84b6746e15f27c6be68cc7908f9,2000-09-09T04:48:31.242Z,25,2008-03-11T02:21:41.496Z,17,SVNR,72 0809100 K 219,https://randomuser.me/api/portraits/men/44.jpg,https://randomuser.me/api/portraits/med/men/44.jpg,https://randomuser.me/api/portraits/thumb/men/44.jpg
female,arpitha.rajesh@example.com,9364718637,7790762271,IN,Ms,Arpitha,Rajesh,3240,Ratha Bheedi,Amaravati,Himachal Pradesh,India,51549,-61.0461,-118.3384,+6:00,"Almaty, Dhaka, Colombo",6ecf6e4c-96e5-4ac9-b86f-d866501abfef,purplekoala898,postman,6cIN6qZk,f7abead34b17a3ba5a5f42b4c855ce8f,2e1b735b5613a0fc7632416418854c95a1e2267a,d0d824af5bc486d1fd60ae615bdf29a05e3faaa7587ed0382db05553580739ef,1963-03-09T12:26:37.449Z,62,2006-08-27T15:16:03.894Z,19,UIDAI,676651881580,https://randomuser.me/api/portraits/women/78.jpg,https://randomuser.me/api/portraits/med/women/78.jpg,https://randomuser.me/api/portraits/thumb/women/78.jpg
female,hanan.wille@example.com,33259308,46153745,NO,Miss,Hanan,Wille,7759,Ljabrukollen terrasse,Gvarv,Nordland,Norway,3885,28.1630,-64.4391,+11:00,"Magadan, Solomon Islands, New Caledonia",cfd8328b-a32c-49b3-943a-deec12c1f021,whitebird939,domingo,RdQSmEej,0dbd0fecde858b6d48cac110e89e2489,a9b685467c57bd8f3dfa796eb8d0843a525062c6,432ade3f9fbf7dbae5b8bb792318612eefa945efdcae07ebb624f1a899eb0970,1960-11-21T00:32:45.293Z,64,2003-01-24T04:15:03.169Z,22,FN,21116038878,https://randomuser.me/api/portraits/women/22.jpg,https://randomuser.me/api/portraits/med/women/22.jpg,https://randomuser.me/api/portraits/thumb/women/22.jpg
male,duane.brewer@example.com,061-097-6953,081-803-2385,IE,Mr,Duane,Brewer,7139,Cork Street,Birr,Cork City,Ireland,98960,-72.1922,55.8242,+7:00,"Bangkok, Hanoi, Jakarta",f725a379-2549-44bc-8f70-087d08d30846,browncat659,thor,t80UGkq2,cd19513154c11b653980bf2cb2f78f68,861ce16a2e145e21635ccac32514b11baa5bd469,03786422594fb0cd93998639701a338abf60dfb8e6f442cfaeaf886375e0901b,1990-08-15T10:28:06.957Z,35,2019-04-23T10:11:39.983Z,6,PPS,4096137T,https://randomuser.me/api/portraits/men/24.jpg,https://randomuser.me/api/portraits/med/men/24.jpg,https://randomuser.me/api/portraits/thumb/men/24.jpg
male,sandro.durand@example.com,077 224 06 59,076 987 15 93,CH,Monsieur,Sandro,Durand,326,Rue des Jardins,Sumvitg,Valais,Switzerland,9562,-86.4459,-25.3455,-4:00,"Atlantic Time (Canada), Caracas, La Paz",462a30cd-7168-4fb2-ae56-d123160ce5b0,bluebutterfly570,hack,Ua0bjRas,d1bf7d2a8a8a7a4cbc4df18f56021c3c,ab9a4dfb84e9f298a06166a06f56b6b06944e6ac,2a5d9ab45e7c7c5c24159160fde43b82219ecc377c7698a9841a693e3118264b,1946-05-09T09:26:54.294Z,79,2009-01-28T18:34:00.676Z,16,AVS,756.3522.9173.77,https://randomuser.me/api/portraits/men/85.jpg,https://randomuser.me/api/portraits/med/men/85.jpg,https://randomuser.me/api/portraits/thumb/men/85.jpg
female,zeljka.rakic@example.com,028-0329-751,069-5910-816,RS,Miss,Željka,Rakić,9468,Mladena Nedeljkovića,Knjaževac,Kolubara,Serbia,95671,-76.3823,-157.4341,0:00,"Western Europe Time, London, Lisbon, Casablanca",6921d703-b523-4d5e-a87e-b921b0e4616d,beautifulkoala450,weed,ID8Ebq6M,3d58f5d58053e6bb6c6560eb0b135fcf,d29a94410b7e2df48da690ae9774dfcf31e97382,9e9af74f4098dd6aecc8f9571782b4d73288301e5fab12ddc36f678bc612f891,1964-04-25T05:23:35.186Z,61,2013-06-12T19:41:46.499Z,12,SID,099671834,https://randomuser.me/api/portraits/women/17.jpg,https://randomuser.me/api/portraits/med/women/17.jpg,https://randomuser.me/api/portraits/thumb/women/17.jpg
male,fabiano.ramos@example.com,(20) 7087-8903,(96) 1021-6602,BR,Mr,Fabiano,Ramos,9723,Rua Dezenove de Outubro,Parauapebas,Roraima,Brazil,40640,10.5517,-54.4047,+3:30,Tehran,d78e0bdb-ac54-4013-8408-d0d0b224540a,happymeercat578,747474,TxxGRha6,4b080c4440625885e17268b6baf87928,136d9c4e7d2afa400e14566f87447c31d4863684,14e9afa7fd153c1e6dafc4bc49bb4d55d2968a799dec95507afcfaf63ca72c56,1983-12-25T21:02:10.498Z,41,2016-05-16T23:25:00.463Z,9,CPF,776.597.209-69,https://randomuser.me/api/portraits/men/9.jpg,https://randomuser.me/api/portraits/med/men/9.jpg,https://randomuser.me/api/portraits/thumb/men/9.jpg
female,tania.iglesias@example.com,(670) 058 0477,(635) 214 6691,MX,Ms,Tania,Iglesias,4751,Circunvalación Morelos,Jiquilpan de Juárez,Estado de Mexico,Mexico,98642,-19.2797,74.2517,-10:00,Hawaii,65eaef29-c112-42e7-b0db-9e54567367ef,redtiger234,coochie,sB39sJxi,f6931518b28625c104b7afd9cbcfae13,64d6b0f6c0b17aee04e839950d33b2d265850cb5,0d735040e9bd52719ab1087403d101706e6413345ddd27716e61963bdb438dad,1982-12-22T10:01:29.710Z,42,2012-09-15T05:17:16.298Z,13,NSS,75 13 04 6075 1,https://randomuser.me/api/portraits/women/62.jpg,https://randomuser.me/api/portraits/med/women/62.jpg,https://randomuser.me/api/portraits/thumb/women/62.jpg
male,xavier.llamas@example.com,(604) 936 8842,(634) 979 1426,MX,Mr,Xavier,Llamas,3340,Corredor Tlaxcala,Cerralvo,Zacatecas,Mexico,95149,74.4705,157.9056,+10:00,"Eastern Australia, Guam, Vladivostok",23aeb92a-ed23-4030-9040-5114e233e806,bigladybug883,jennie,qaO6zLvk,ba029f81abf23641143645ead832c414,b369e57af128cb866260455521f1bc7a39bfaf12,5a38932ce8d94507133be1f5a1e16fbde5e0ec36ca0617064a9bf1a2de577ba9,1961-03-05T16:25:33.407Z,64,2019-05-17T02:06:46.089Z,6,NSS,85 22 16 9764 2,https://randomuser.me/api/portraits/men/16.jpg,https://randomuser.me/api/portraits/med/men/16.jpg,https://randomuser.me/api/portraits/thumb/men/16.jpg
female,magdalena.acosta@example.com,(629) 323 7329,(621) 900 6419,MX,Miss,Magdalena,Acosta,174,Cerrada Sandoval,San Juan Guichicovi,Tamaulipas,Mexico,68312,43.9821,45.0613,+9:00,"Tokyo, Seoul, Osaka, Sapporo, Yakutsk",fc11a007-a67f-4780-8b51-a433ec982c62,greenmouse704,spanker,cPZPSEzJ,5a85503af12aa23588f70f838ac0b3d4,bfb25ed91ba2c047b47b1906ba36b87f8fbd5db8,5bd4d9c56bbf45a0d552969daae54b00e8fbb69a8cdeb66fdf32def01b382887,1980-01-16T14:25:19.248Z,45,2015-09-18T17:45:05.906Z,10,NSS,20 50 04 7759 5,https://randomuser.me/api/portraits/women/37.jpg,https://randomuser.me/api/portraits/med/women/37.jpg,https://randomuser.me/api/portraits/thumb/women/37.jpg
male,mattias.kleine@example.com,0812-8654069,0179-6261987,DE,Mr,Mattias,Kleine,9190,Mühlenweg,Dietfurt an der Altmühl,Nordrhein-Westfalen,Germany,16294,-48.3872,-78.2119,-9:00,Alaska,f8aacb71-d78c-4826-8b6f-17b8dc8eda7f,angrylion923,enter,fuWV6i6R,e87f158ea6c3ffaff0ed09f7f6f2292f,782ebfe1af7f5ec0528414eee0febafbb2fa1c60,9fa4b9474f5cbb6de1a709a701220f957ebfb6cc4ab9920509fae7cff8f35ae2,1980-08-22T16:20:14.302Z,45,2013-07-19T02:48:12.527Z,12,SVNR,42 220880 K 382,https://randomuser.me/api/portraits/men/3.jpg,https://randomuser.me/api/portraits/med/men/3.jpg,https://randomuser.me/api/portraits/thumb/men/3.jpg
female,catrin.resch@example.com,0735-8404598,0179-5898664,DE,Ms,Catrin,Resch,7989,Lindenstraße,Balingen,Thüringen,Germany,43621,79.9563,46.1805,-8:00,Pacific Time (US & Canada),8a46d12d-0636-4e5d-836f-32f9e661c096,organicbear658,warez,Csl9ZbF4,dab9ee55cac0e01310b95e48cae567f7,ca77b623ad537781413093a2844d2e7ed5037969,c819af85892edc20a18b4483d63d7458e44ce720a00fb50b2c687e955fc13c0d,1962-01-04T22:06:33.196Z,63,2011-06-16T07:04:19.125Z,14,SVNR,17 040162 R 508,https://randomuser.me/api/portraits/women/15.jpg,https://randomuser.me/api/portraits/med/women/15.jpg,https://randomuser.me/api/portraits/thumb/women/15.jpg
male,teus.lagrand@example.com,(041) 2920679,(06) 46608268,NL,Mr,Teus,Lagrand,2176,Beerzerpoort,Asselt,Utrecht,Netherlands,4560 CZ,89.6967,18.1841,-4:00,"Atlantic Time (Canada), Caracas, La Paz",a6d0a57b-7d2b-4bb5-a366-26160e8b3ef7,goldenkoala476,freddie,CAETjut6,7017117332dd67a34cffaa11cbf615eb,cf81711cec4c6b007186c027749196cf1e046649,9e80052f999e18a25e8dd0f63dbd732a22cc1b9d208c89e0e8a83c2184599246,1952-11-25T21:11:06.583Z,72,2018-05-05T09:17:10.576Z,7,BSN,79358572,https://randomuser.me/api/portraits/men/34.jpg,https://randomuser.me/api/portraits/med/men/34.jpg,https://randomuser.me/api/portraits/thumb/men/34.jpg
female,naomi.harris@example.com,(423)-972-8631,(303)-849-1695,NZ,Miss,Naomi,Harris,4075,Mokoia Road,Gisborne,Auckland,New Zealand,66015,29.3028,52.2580,-1:00,"Azores, Cape Verde Islands",6faceb6e-02c6-4283-b44c-d79c8465444e,ticklishbird351,jenjen,aWdOVitY,91b3142914995975b74b8b0bba563016,e9263b9fddcb3786b3df674956103a0661df2cbf,242d62d684abb08c54ae22dd9ba91fbe01787d04acce0e2ac28dc7b95025a0b0,1966-12-19T00:40:25.350Z,58,2017-03-19T13:06:25.908Z,8,,,https://randomuser.me/api/portraits/women/93.jpg,https://randomuser.me/api/portraits/med/women/93.jpg,https://randomuser.me/api/portraits/thumb/women/93.jpg
male,nicolas.petersen@example.com,50144854,99070779,NO,Mr,Nicolas,Petersen,3007,Lilloseterveien,Vågåmo,Nordland,Norway,7318,15.2316,-82.8814,+9:30,"Adelaide, Darwin",6c78d0e5-2354-42b3-82d1-6f9d339315a3,silvermouse912,truelove,wlxFNh7q,8b5ee2e2ff8b8c37d055fd1e4ecf3298,964972a5eb742e46cd6be8e8ba9aa1ff45529500,7e9a1c0808e2b43d11a8d030dee41eaaa507ead4e5c0b7c97dd4b74a1d72c9be,1987-11-29T15:44:06.550Z,37,2021-03-04T08:03:47.960Z,4,FN,29118749357,https://randomuser.me/api/portraits/men/60.jpg,https://randomuser.me/api/portraits/med/men/60.jpg,https://randomuser.me/api/portraits/thumb/men/60.jpg
female,gul.pocan@example.com,(326)-681-0373,(402)-989-3062,TR,Mrs,Gül,Poçan,1467,Filistin Cd,Erzincan,Nevşehir,Turkey,54143,10.1847,-176.6741,-3:30,Newfoundland,89a6f419-6172-41d9-a130-bca08bb06e0a,saddog429,style,Wz5oLqrA,20f1b94a312d0ceba740e8c7ec19cbfa,c330b8afb48ac02484394143905dae1ad85b3c80,df3e6eb753aebd4c08c8f5722b9ba199fa0bd3a6ba4ba16560381b6fbd84ab94,1973-06-12T15:45:03.256Z,52,2014-11-27T11:08:26.985Z,10,,,https://randomuser.me/api/portraits/women/43.jpg,https://randomuser.me/api/portraits/med/women/43.jpg,https://randomuser.me/api/portraits/thumb/women/43.jpg
male,jamie.phillips@example.com,0171 395 1619,07400 529333,GB,Mr,Jamie,Phillips,2889,The Avenue,Inverness,County Armagh,United Kingdom,B4W 3HS,-85.9006,-165.4335,-1:00,"Azores, Cape Verde Islands",85923300-8cd0-4d76-a810-d4e962737ca2,beautifulswan629,dharma,DUlWwcpW,ab9b978ad10379e5875ef7e67c9eae3d,4694a3b1e62abc3eb799f93320e3d4726a1c465d,696e823043f59d34d78798f20d3ceeb431f6b6e640ddc8faf1a27f8a31ae4110,1957-07-03T13:11:49.721Z,68,2016-04-11T17:31:37.787Z,9,NINO,XA 89 23 35 P,https://randomuser.me/api/portraits/men/33.jpg,https://randomuser.me/api/portraits/med/men/33.jpg,https://randomuser.me/api/portraits/thumb/men/33.jpg
female,vanessa.dupont@example.com,079 905 50 76,076 445 31 02,CH,Mademoiselle,Vanessa,Dupont,2714,Rue des Abbesses,Hettlingen,Obwalden,Switzerland,8004,-13.6103,15.4937,+9:00,"Tokyo, Seoul, Osaka, Sapporo, Yakutsk",4e93bbce-9072-4545-8805-698ccf30fb1d,heavybutterfly371,banane,gRyWEso5,cf417fb8ee3bcbfbc6c7561a12f6d3b6,1b16b92ec548574243b1fcdadc360c6e6beaee71,b10012d44f68ce70bf5976ae72fb4fa76c9160a939d66ea602fdd9826193e606,1959-11-30T07:58:59.893Z,65,2007-01-06T06:35:20.712Z,18,AVS,756.0866.8610.36,https://randomuser.me/api/portraits/women/77.jpg,https://randomuser.me/api/portraits/med/women/77.jpg,https://randomuser.me/api/portraits/thumb/women/77.jpg
female,anna.arnold@example.com,01-7332-5212,0466-713-091,AU,Miss,Anna,Arnold,7824,Elgin St,Toowoomba,Western Australia,Australia,6831,14.8281,157.1126,-3:30,Newfoundland,2b69da00-06bd-4448-bb10-f1fc01f36506,crazymeercat164,sporting,cCTPdUOs,899fcc8bcfbe385e7880c11f2ac39fe6,b4bc08ae500af09b8e859005475a479112a0673c,1afc058fee16aefdc4993b30c18b251f8b0254af3098fd68e0f8ba53ea21bbac,1998-11-21T03:42:42.017Z,26,2010-08-22T03:04:07.638Z,15,TFN,137695510,https://randomuser.me/api/portraits/women/65.jpg,https://randomuser.me/api/portraits/med/women/65.jpg,https://randomuser.me/api/portraits/thumb/women/65.jpg
male,koray.abanuz@example.com,(495)-507-4125,(007)-215-8292,TR,Mr,Koray,Abanuz,3291,Mevlana Cd,Kırşehir,Iğdır,Turkey,95599,-57.4943,-153.7649,-5:00,"Eastern Time (US & Canada), Bogota, Lima",8d1900d7-1ccd-4a1a-b59a-7cd80470a5c8,whiteleopard453,336699,R6YtmUvQ,d7503bc7f183db8a24806343db5ea14f,f1bf7d47c6db9cd85f8a3881fd4ac9c977ccde2c,ff6d70d40a8febd4d50777d6af0cdd23b79a2fb7731998bea61dbab63c902eca,1959-04-28T13:27:43.405Z,66,2011-12-18T17:20:35.809Z,13,,,https://randomuser.me/api/portraits/men/25.jpg,https://randomuser.me/api/portraits/med/men/25.jpg,https://randomuser.me/api/portraits/thumb/men/25.jpg
male,deniz.crijns@example.com,(0657) 247089,(06) 70828889,NL,Mr,Deniz,Crijns,7498,De Triomfboog,Fort,Noord-Holland,Netherlands,6834 SN,79.3007,-152.0505,0:00,"Western Europe Time, London, Lisbon, Casablanca",d5d233f3-c57a-4eb5-ab6c-76388e3a6916,brownrabbit856,einstein,1KmTFEln,d33560c02e8c0121d99b1ceb559f2585,fdfcd05614d5a31afbebfac3951dc187bc76038f,0585686b7d0c7bb0b80eea03adf708b5bd3bf0e4ebc516a37becb76c5086091c,1957-04-22T22:15:08.789Z,68,2002-04-16T13:35:36.115Z,23,BSN,93410050,https://randomuser.me/api/portraits/men/20.jpg,https://randomuser.me/api/portraits/med/men/20.jpg,https://randomuser.me/api/portraits/thumb/men/20.jpg
male,batur.kilicci@example.com,(322)-200-3591,(432)-058-4779,TR,Mr,Batur,Kılıççı,1185,Mevlana Cd,Niğde,Adıyaman,Turkey,34212,-57.7959,-133.2791,+3:30,Tehran,ef00656e-a127-4f01-9a55-6687f8858051,crazybird137,kamikaze,f0vQ8Ano,552817fadd68c0d1f5baf1ffca615a60,e5bcea3161ce783548518d0baf12de4fea8e3ab9,7bc9f81e5423dc295c657ff561753d43fadefb30e55bd3bcb98a577d91e611bf,1961-01-05T08:18:38.984Z,64,2019-12-11T20:11:50.406Z,5,,,https://randomuser.me/api/portraits/men/47.jpg,https://randomuser.me/api/portraits/med/men/47.jpg,https://randomuser.me/api/portraits/thumb/men/47.jpg
male,bertram.moller@example.com,23222927,39294636,DK,Mr,Bertram,Møller,5789,Hybenhaven,Haslev,Nordjylland,Denmark,69718,-65.4464,23.9088,-1:00,"Azores, Cape Verde Islands",b9706537-7b5b-4f7d-a996-78eaed0a48d9,smallwolf581,kissme,N5EuQOVw,f15ac7690ae95587635daef5c50171b0,91a94e5b21e94a54bf33ad8c943629ed3ddcad5f,e89a7e7ff566b07b83f29aad761b4c6e23cb679384498ba88b3ec92cb46f2821,1980-12-04T18:42:30.353Z,44,2020-06-26T21:14:39.347Z,5,CPR,041280-0259,https://randomuser.me/api/portraits/men/23.jpg,https://randomuser.me/api/portraits/med/men/23.jpg,https://randomuser.me/api/portraits/thumb/men/23.jpg
male,gerardo.ramirez@example.com,905-310-160,614-555-684,ES,Mr,Gerardo,Ramírez,9000,Calle de Arganzuela,Castellón de la Plana,Andalucía,Spain,93115,6.1570,39.0229,+9:30,"Adelaide, Darwin",8a7b2707-e76f-4ada-a333-6d3cdfa21150,whitesnake196,kenshin,WADbv0YN,657e9188109dcfa1c94d850a27560b5c,a3b461db54ab035f794b9f77f081d97d52c62045,0dd3d4f29e9885809066aac99254a78319d15eeb3cd3c5caaba5ba93db96b8a7,1952-06-09T04:22:56.498Z,73,2007-12-11T12:25:22.388Z,17,DNI,78614402-F,https://randomuser.me/api/portraits/men/77.jpg,https://randomuser.me/api/portraits/med/men/77.jpg,https://randomuser.me/api/portraits/thumb/men/77.jpg
male,jakob.caron@example.com,077 940 53 89,078 466 12 84,CH,Monsieur,Jakob,Caron,6277,Montée du Chemin-Neuf,Othmarsingen,Obwalden,Switzerland,2302,-40.5912,106.7273,-6:00,"Central Time (US & Canada), Mexico City",ec014f47-026f-4cbc-990a-efe5c27d6e8f,heavybird445,foster,kDwQ4CZd,0260946bc7481f56adab555f938ecbdf,93c9770b63def9d032d4e13ab9d80d5c401fc45b,582bce9ce6177c1b6077d62b40542572c5e265dbc76b370f0a97bd2c0d10c2a7,1995-04-29T04:41:45.015Z,30,2021-01-28T14:17:33.802Z,4,AVS,756.7361.9048.80,https://randomuser.me/api/portraits/men/23.jpg,https://randomuser.me/api/portraits/med/men/23.jpg,https://randomuser.me/api/portraits/thumb/men/23.jpg
female,wanda.little@example.com,(954) 636-8966,(237) 393-1942,US,Ms,Wanda,Little,398,Hogan St,Mcallen,North Carolina,United States,12568,-67.7591,78.6777,-7:00,Mountain Time (US & Canada),dc5c067e-08ae-44d2-b96e-53cf5a6c2da6,smallbutterfly393,12qwaszx,SPiddM1O,590efc3d674f71ba9534918fa807cabb,561337a61dccb928f4365cb86084afad6f0193c2,dbce0d85e926d1a581e9a322d2c5bd615bf95e8ed969e6433a0b34ef13b87959,1961-05-31T18:31:18.788Z,64,2009-04-11T02:17:36.701Z,16,SSN,557-16-8783,https://randomuser.me/api/portraits/women/81.jpg,https://randomuser.me/api/portraits/med/women/81.jpg,https://randomuser.me/api/portraits/thumb/women/81.jpg
male,enzo.dacunha@example.com,(28) 7289-9869,(80) 7491-2018,BR,Mr,Enzo,da Cunha,3737,Rua Três,Guarujá,Piauí,Brazil,34695,37.6897,-130.5030,+3:30,Tehran,ce1b944c-2aca-4b92-9d28-e0ba5f2fc838,heavyleopard865,written,InFUCr3Y,a44491c9228cb9aab2f9af5ef8b64a69,26a7aaa73f447b58ec76b27dd898a338cde1fb1b,d0059605176928fc74529825c01ea50ee462d50ff5d40fc6807220540bba485f,1966-06-20T16:46:13.846Z,59,2006-06-30T07:51:57.822Z,19,CPF,279.960.343-77,https://randomuser.me/api/portraits/men/69.jpg,https://randomuser.me/api/portraits/med/men/69.jpg,https://randomuser.me/api/portraits/thumb/men/69.jpg
male,heine.muhammad@example.com,35954561,47118568,NO,Mr,Heine,Muhammad,5856,Langes gate,Lillehammer,Buskerud,Norway,3627,70.6822,70.2100,+2:00,"Kaliningrad, South Africa",0ab37124-f0e4-4033-848e-51d6a285b783,yellowgorilla697,lock,K2GGehhw,1f6cb28a62f0798d3f53ae5f6d4fbde4,3091f2f8e35c41f45de8267770cd4d318e216f50,f6c50d5dee0086b81a4f9868be3689db50e89e448fb7932ac8881050b65f71a2,1989-03-07T23:08:29.984Z,36,2021-01-07T18:21:02.826Z,4,FN,07038947723,https://randomuser.me/api/portraits/men/36.jpg,https://randomuser.me/api/portraits/med/men/36.jpg,https://randomuser.me/api/portraits/thumb/men/36.jpg
female,olga.sanz@example.com,968-124-991,627-644-314,ES,Miss,Olga,Sanz,3960,Avenida de Andalucía,Arrecife,Galicia,Spain,20018,-15.4999,-7.6359,+10:00,"Eastern Australia, Guam, Vladivostok",541db112-f4ff-4b82-8de3-29cd3d0fcaf8,sadleopard135,over,3p9PaSrT,226d87a8c20b2d1a4098f6bfc57d0272,8f7ebd1bc34d439e7561d87e78bb4f466f0a6aec,25e09a1441a7a9d7afb5797dfdae140d464bcbad2258f61eecf639ac2815f970,1955-07-08T17:09:14.101Z,70,2022-04-06T13:08:47.906Z,3,DNI,70892326-M,https://randomuser.me/api/portraits/women/39.jpg,https://randomuser.me/api/portraits/med/women/39.jpg,https://randomuser.me/api/portraits/thumb/women/39.jpg
female,rocio.pizarro@example.com,(637) 955 4078,(678) 698 9827,MX,Mrs,Rocío,Pizarro,9042,Ampliación Baja California,Ejido Sinaloa,Nuevo Leon,Mexico,90789,-26.3445,136.4694,-11:00,"Midway Island, Samoa",0536c871-fa25-4c22-9440-bddbb0f02b04,sadcat872,static,6s55jaNG,339bc9be88bbb8384d545b9a5f8fdb1d,4b6fa87dd69049dfa9c865e276e4ee098c97a832,a9d038c1f61da0017c46125b60c37a2048a4f1c0a7385498601c6938ba545772,1952-06-30T13:57:13.540Z,73,2018-04-25T04:21:05.017Z,7,NSS,18 43 05 8850 5,https://randomuser.me/api/portraits/women/10.jpg,https://randomuser.me/api/portraits/med/women/10.jpg,https://randomuser.me/api/portraits/thumb/women/10.jpg
male,okko.potgieter@example.com,(0250) 851426,(06) 13192794,NL,Mr,Okko,Potgieter,3329,Butterlaan,Gaarkeuken,Utrecht,Netherlands,2705 OH,-15.3889,-109.5795,-9:00,Alaska,1805df84-470b-48e3-bdb1-8f56843f2b6c,happypeacock328,manolo,eTNzHUPE,dc1de8acd088d9ad7f8b681fe317705a,8a80fef53ccc084e9a8a2f5e6df68f8e21935fb6,2314647ad28a4173c20457fcfc00b35d8b5166d8f802028b273337ad48290679,1976-10-14T17:07:10.538Z,49,2012-08-19T16:00:37.398Z,13,BSN,13635593,https://randomuser.me/api/portraits/men/83.jpg,https://randomuser.me/api/portraits/med/men/83.jpg,https://randomuser.me/api/portraits/thumb/men/83.jpg
female,neea.lassila@example.com,09-014-670,042-167-08-47,FI,Miss,Neea,Lassila,7179,Mannerheimintie,Hämeenlinna,Finland Proper,Finland,86807,47.1361,115.9389,+3:30,Tehran,df937f95-2f87-4f70-8e9f-1665827d054f,yellowgoose389,bolton,lqEWY6uN,b5b6d45261e96c6c39f0f170838d48ba,6ff2073642659e1b73a2ba8812c819650554a576,58bb9392a1c1e7ab4cc05654befffed43ec91b43d3f949b75e5736900d7bd9ac,1979-07-07T07:54:19.228Z,46,2021-03-02T02:41:32.247Z,4,HETU,NaNNA594undefined,https://randomuser.me/api/portraits/women/25.jpg,https://randomuser.me/api/portraits/med/women/25.jpg,https://randomuser.me/api/portraits/thumb/women/25.jpg
female,natasa.sokolovic@example.com,015-9697-322,068-9568-057,RS,Mrs,Nataša,Sokolović,797,Drage Vukićevića,Rača,Pomoravlje,Serbia,52704,52.1735,23.7439,-3:00,"Brazil, Buenos Aires, Georgetown",1e8f20c2-a0ff-49c2-9571-15c9f39d5b65,silverwolf580,fiesta,tB0bFoGJ,c263bde51621b7e6f659007c9ee5ac29,259fd398388e139106669252156d0e6ffeab1ae7,dd850676f8fb1df73de9ae552821368aa1ae0293f3de39a3e781bc6755dadd8a,1975-06-28T08:12:04.157Z,50,2010-05-04T17:20:14.215Z,15,SID,795677779,https://randomuser.me/api/portraits/women/37.jpg,https://randomuser.me/api/portraits/med/women/37.jpg,https://randomuser.me/api/portraits/thumb/women/37.jpg
female,poonam.hartgers@example.com,(064) 1234403,(06) 81066293,NL,Mrs,Poonam,Hartgers,2011,Deilsedijk,Elim,Limburg,Netherlands,9453 LM,5.1346,74.3344,-11:00,"Midway Island, Samoa",10e0698b-b130-4b0d-bef0-4e93142a904b,greenduck579,0987,WEZmzCXV,bd09838bd444a0f9352e1841331b51d5,841e3917cfddb884d673739f22332c9ab8ef0fea,c9c5bc8f3333eb1ddac6db6e28f7e615c13277770cec0d735dac9cc9882ce073,1996-07-01T14:57:01.316Z,29,2004-04-12T19:41:08.553Z,21,BSN,11841928,https://randomuser.me/api/portraits/women/33.jpg,https://randomuser.me/api/portraits/med/women/33.jpg,https://randomuser.me/api/portraits/thumb/women/33.jpg
male,leroy.cole@example.com,015394 94240,07508 989514,GB,Mr,Leroy,Cole,6087,Rectory Lane,Lichfield,Cornwall,United Kingdom,DB2 8TA,46.1753,36.9319,+9:30,"Adelaide, Darwin",8ec31eaf-aae7-4b17-a65f-47ef49624be2,blueladybug788,srinivas,DFv6YzeJ,5de28ab5a64a84a1ae79b39a0f699b32,91a542c941edfc5257db43755c1fea1f22d6670b,701f7dced53f87f49c853134ab6595f99926766fc77db08c9345bea95dab4dd4,1989-01-14T22:00:34.622Z,36,2016-05-23T01:14:18.311Z,9,NINO,RC 07 33 56 C,https://randomuser.me/api/portraits/men/9.jpg,https://randomuser.me/api/portraits/med/men/9.jpg,https://randomuser.me/api/portraits/thumb/men/9.jpg
female,garance.morin@example.com,02-61-12-91-72,06-92-91-08-37,FR,Mrs,Garance,Morin,2130,Place Paul-Duquaire,Avignon,Lot-et-Garonne,France,15741,31.5417,7.1643,+6:00,"Almaty, Dhaka, Colombo",ab008d07-cc58-4426-aaf1-b8250790c92a,happybear415,holes,GLFS1dQ0,c72b372f28226254fd225202ca30d145,ffe5f16ae398989c40eccb7660d8453420ff692b,9ed0af146b3a0470ea1968d6c56e6c2d2388d40b8b7a077b5a7aa10266e0d185,1958-02-25T04:44:44.132Z,67,2006-07-17T09:25:05.129Z,19,INSEE,2580188114478 15,https://randomuser.me/api/portraits/women/2.jpg,https://randomuser.me/api/portraits/med/women/2.jpg,https://randomuser.me/api/portraits/thumb/women/2.jpg
female,marilou.miller@example.com,L27 O43-5881,G31 V08-7556,CA,Miss,Marilou,Miller,7665,Disputed Rd,Burlington,Nunavut,Canada,Z4G 8F2,-73.2386,171.7270,+4:30,Kabul,7f581ff4-0ae6-4952-b17d-4d207e5bde64,angryfish876,niners,Tkp5sqeZ,64c3f8f035d01e9ae6ed442b84ea5bf4,124739b5f05641aaf35c24c5f0bb47a72ee67238,674274783dc7e724d7e9f938514fd3178ab1b57deb72297eaf2d2bb3f5e2a807,1972-05-06T18:16:36.624Z,53,2008-07-17T13:25:37.538Z,17,SIN,206377814,https://randomuser.me/api/portraits/women/27.jpg,https://randomuser.me/api/portraits/med/women/27.jpg,https://randomuser.me/api/portraits/thumb/women/27.jpg
male,onildo.jesus@example.com,(41) 7551-1553,(79) 5771-0650,BR,Mr,Onildo,Jesus,349,Rua Doze ,Santa Rita,Amazonas,Brazil,37985,-22.8996,-8.0733,0:00,"Western Europe Time, London, Lisbon, Casablanca",ebe264ad-9432-49fc-a739-9902e05bda0a,orangemouse714,marsh,UA1NeTJE,b44c2f206fb178713f77a6f269538a78,b6af0cf7450a274854135eac37f499a3bb6d17db,c68327cbd7291427433da2df983edfa7a16e2e544253eec0787d63186ef03f5c,2001-01-22T23:20:46.545Z,24,2018-11-02T10:32:18.347Z,6,CPF,730.206.214-75,https://randomuser.me/api/portraits/men/5.jpg,https://randomuser.me/api/portraits/med/men/5.jpg,https://randomuser.me/api/portraits/thumb/men/5.jpg
female,marie.moller@example.com,73317499,53737318,DK,Miss,Marie,Møller,5068,Fyrvej,Odense Sv,Midtjylland,Denmark,16498,60.5441,61.1363,-9:00,Alaska,b769d59a-9a64-4e54-9b53-f42f00b72e30,purplemouse219,shawna,xLjtvniP,1fc70c6c1a96387122039a6de577d4d4,0ad4d4cb1eedd91c66ff447660cbf1e3a657a9d2,184ab26640cec6ab853c219455600f9890695ac55d87594fc0d37610fd19ab5e,1957-10-23T01:30:25.521Z,68,2006-08-24T06:21:14.114Z,19,CPR,221057-5288,https://randomuser.me/api/portraits/women/26.jpg,https://randomuser.me/api/portraits/med/women/26.jpg,https://randomuser.me/api/portraits/thumb/women/26.jpg
male,nooa.kurtti@example.com,08-316-292,047-473-55-85,FI,Mr,Nooa,Kurtti,9044,Korkeavuorenkatu,Brändö,Southern Savonia,Finland,95483,8.1612,-167.4300,+5:30,"Bombay, Calcutta, Madras, New Delhi",06bc8f83-6a71-4eb2-9115-cce2eb509ea8,sadelephant171,qawsed,p68vTd0s,cdc3cb9fa6f361a44ad4aad948ad02af,5c4240f930fd6bd8e7a05831ee63532ccf8c95ea,b3e238c42320fd3872731789dbf459cbdd12a6817e6b21695153e6b0423316a7,1967-01-02T21:50:23.782Z,58,2007-04-25T11:44:27.221Z,18,HETU,NaNNA459undefined,https://randomuser.me/api/portraits/men/62.jpg,https://randomuser.me/api/portraits/med/men/62.jpg,https://randomuser.me/api/portraits/thumb/men/62.jpg
female,eloane.nguyen@example.com,02-40-39-75-28,06-32-85-28-18,FR,Ms,Eloane,Nguyen,3553,Place des 44 Enfants D'Izieu,Strasbourg,Calvados,France,61925,-84.3916,139.0565,-7:00,Mountain Time (US & Canada),34ea861a-ffa4-4b1e-9b6c-33d2ba2c91f5,redleopard711,zeng,jtMX33AD,6eed6e80e16ee9f4c98b64239c2d9491,03d55acc20f9a14b06eccd7ca61befac6c5a0123,73bb27f42cfc9dbfb4959d64a8dd33f5f26ab05fca3bde92068a0855484489ae,1962-07-24T10:17:04.068Z,63,2022-01-28T12:56:45.719Z,3,INSEE,2620655688232 15,https://randomuser.me/api/portraits/women/14.jpg,https://randomuser.me/api/portraits/med/women/14.jpg,https://randomuser.me/api/portraits/thumb/women/14.jpg
male,carter.patel@example.com,(056)-652-0786,(139)-883-8358,NZ,Mr,Carter,Patel,3915,Manners Street,Invercargill,Manawatu-Wanganui,New Zealand,48182,-8.6543,-72.3899,-5:00,"Eastern Time (US & Canada), Bogota, Lima",3fd08ef9-0947-42c6-9d71-79eef9efcba6,greenzebra345,trooper,CKn9TfEZ,00212e1afe5fcc177b832168bd0031db,d6b6e892911d6939605c2c6701c867affe046b23,09873726d568342080584b1e4052eae1ee6af7829d7b583eb6f9abf2c38b34b6,1963-02-02T03:53:50.955Z,62,2006-06-07T12:42:28.701Z,19,,,https://randomuser.me/api/portraits/men/88.jpg,https://randomuser.me/api/portraits/med/men/88.jpg,https://randomuser.me/api/portraits/thumb/men/88.jpg
male,ernst-dieter.schadlich@example.com,0536-7723016,0177-0479357,DE,Mr,Ernst-Dieter,Schädlich,5237,Bahnhofstraße,Ibbenbüren,Rheinland-Pfalz,Germany,68892,-56.6055,-173.4199,0:00,"Western Europe Time, London, Lisbon, Casablanca",da2e6431-0df7-467b-a54e-54662c5724e4,heavytiger649,daniel,aEv7987t,c9ed11f563d94a0ce7cdb97d481254c2,2eccbf2b16a43f1798e5386ac0d8ff7010ca1e12,740908840752277c0af75c3caf0d560ba9bc0f8b9c46424f3e8c66f403beea2e,1951-06-07T17:04:53.493Z,74,2010-07-31T15:20:41.488Z,15,SVNR,16 070651 S 304,https://randomuser.me/api/portraits/men/6.jpg,https://randomuser.me/api/portraits/med/men/6.jpg,https://randomuser.me/api/portraits/thumb/men/6.jpg
female,janet.wells@example.com,0191 296 0656,07483 300185,GB,Mrs,Janet,Wells,6428,Chester Road,Gloucester,West Sussex,United Kingdom,EN6 4JB,-86.4427,59.4725,+9:00,"Tokyo, Seoul, Osaka, Sapporo, Yakutsk",bf1164ce-4e54-47a9-8e4a-dbf58d8b369a,bigmouse587,super,l6Jh0i77,c057aa196e6bcb10c0674ba760e368a6,bbbfeba512b521079cb63b9ff07d5a5a43ed0b6f,5936d662ae0c4710022459aaf58762600d5637237e8e42acccafea5c25b5af37,1974-05-02T02:06:05.369Z,51,2018-11-10T10:49:55.771Z,6,NINO,PP 07 55 52 D,https://randomuser.me/api/portraits/women/53.jpg,https://randomuser.me/api/portraits/med/women/53.jpg,https://randomuser.me/api/portraits/thumb/women/53.jpg
male,herbert.pierce@example.com,051-309-2413,081-315-7905,IE,Mr,Herbert,Pierce,5930,South Street,Dungarvan,Kilkenny,Ireland,40718,-84.7553,-140.8721,+7:00,"Bangkok, Hanoi, Jakarta",fc9b3266-8209-40c0-ac24-d7d046bf644f,orangecat563,finder,RugJXjf6,ea348d1f30f1cb97de2cad1c161c63b9,fb95aebdbf084fdf9c57fae7efb18456eb1bc3eb,71217de1506ca8341972b6b3a7dfc2792587b689ef7368878ce4fedbed840319,1959-06-04T05:51:12.093Z,66,2016-02-19T13:07:32.732Z,9,PPS,6559331T,https://randomuser.me/api/portraits/men/67.jpg,https://randomuser.me/api/portraits/med/men/67.jpg,https://randomuser.me/api/portraits/thumb/men/67.jpg
female,katalina.borjan@example.com,011-8738-131,067-5544-239,RS,Mrs,Katalina,Borjan,4380,Porodice Radosavljević,Novi Bečej,Pomoravlje,Serbia,23122,39.6341,-95.1099,-3:30,Newfoundland,d961416d-7f2a-4e9b-abae-48f8a5368a2e,heavybear660,raleigh,e6Y4VG8y,faf8161d3632e09fe5d2707c5e2620f3,bf8b56085a3da37cb9f120a1e2e680128d75fd1c,79f709abd8eb825df16d240ad5cc1db6e7e7d24b84de3f079a9913f892253fc9,1987-04-27T04:38:30.733Z,38,2017-04-15T05:19:33.532Z,8,SID,907352312,https://randomuser.me/api/portraits/women/86.jpg,https://randomuser.me/api/portraits/med/women/86.jpg,https://randomuser.me/api/portraits/thumb/women/86.jpg
female,martine.birkeli@example.com,64081458,92506679,NO,Ms,Martine,Birkeli,6008,Jernbanetorget,Melbu,Møre og Romsdal,Norway,1657,-43.4391,152.5997,-11:00,"Midway Island, Samoa",b9ecf951-277e-4879-a0b1-bbf0cd87b952,whiterabbit610,goldwing,q4nLuNMC,67200823e9640b1366796b03136e41c9,77c69bc79f967f1ea455f6b0d41edd88f35f9bef,2dd3a60e8ce54c0bc2d3e338dbd8be24f2a09399cd1fb87d923b0fdacb17993b,1950-02-18T09:15:43.383Z,75,2007-12-17T14:44:29.111Z,17,FN,18025014231,https://randomuser.me/api/portraits/women/91.jpg,https://randomuser.me/api/portraits/med/women/91.jpg,https://randomuser.me/api/portraits/thumb/women/91.jpg
female,heike.siepmann@example.com,0601-6314919,0176-8403950,DE,Mrs,Heike,Siepmann,4109,Königsberger Straße,Görlitz,Nordrhein-Westfalen,Germany,18130,17.0100,-73.0391,-4:00,"Atlantic Time (Canada), Caracas, La Paz",97c6e394-46db-4358-a764-9ad205c6703f,tinymeercat154,1235,aznU6Zwh,65e7c664c8d0398113ec5b7af63ca72a,e8cb67502ca9e60c2480db6622c18da7a9c850e8,9dcd947a1712018f4b61efb6404a353012003863a1bbe8abd6e31189eb91e279,1967-01-19T06:06:08.913Z,58,2020-04-27T07:34:21.341Z,5,SVNR,43 190167 S 737,https://randomuser.me/api/portraits/women/61.jpg,https://randomuser.me/api/portraits/med/women/61.jpg,https://randomuser.me/api/portraits/thumb/women/61.jpg
male,jeremiah.garza@example.com,(776) 518-1215,(686) 284-1232,US,Mr,Jeremiah,Garza,7122,Hogan St,Denton,South Carolina,United States,23993,68.4904,145.9165,-3:00,"Brazil, Buenos Aires, Georgetown",5094617b-64d6-4217-b2c5-03c41d93b5e3,browncat967,worker,6Kaf4ipG,c463b5ff970c9e1296c3b8c6070be1cb,553c53a322643b83da260911adf56800212b3139,594394001139438256e290354f6685773c1201715b31981b2e08c9a076a01a6f,1991-05-18T23:48:36.708Z,34,2003-05-06T19:31:31.590Z,22,SSN,156-17-0509,https://randomuser.me/api/portraits/men/3.jpg,https://randomuser.me/api/portraits/med/men/3.jpg,https://randomuser.me/api/portraits/thumb/men/3.jpg
male,jordan.jones@example.com,(246)-517-5618,(881)-073-3453,NZ,Mr,Jordan,Jones,3814,Lunn Avenue,Timaru,Tasman,New Zealand,18603,-84.3415,166.3415,+4:00,"Abu Dhabi, Muscat, Baku, Tbilisi",91d803e1-d664-43ec-b679-b7087c4e91a3,browncat432,bruce,DuKthBmz,364ea589be5cf457735dbdb6b2d3e683,4931848c406ed52845ea09c8b0bbd950f0f32cbb,55f708f75a91d9311e67f07a920d6f8aa17014bec4d56529e6891ef5c66cd90e,1997-05-20T17:57:37.692Z,28,2007-03-16T01:54:32.208Z,18,,,https://randomuser.me/api/portraits/men/13.jpg,https://randomuser.me/api/portraits/med/men/13.jpg,https://randomuser.me/api/portraits/thumb/men/13.jpg
female,maely.bourgeois@example.com,03-20-90-35-88,06-65-11-61-45,FR,Mrs,Maëly,Bourgeois,5770,Rue de Cuire,Champigny-sur-Marne,Val-D'Oise,France,47797,72.1891,164.5893,-11:00,"Midway Island, Samoa",089f75f6-232b-4596-a353-5f23edb5ce4f,tinyleopard169,1812,oHhGOct2,dfb259564ad6f1989c77b00b4550a099,b7f256328383f77f88cbdc70eaa2d740672c6399,4e1a3d154190df491a4061a0e9b28332056772cfe6ef2e81e2190dff2a2b9875,1978-05-21T15:09:49.542Z,47,2018-04-17T09:03:17.442Z,7,INSEE,2780428251821 33,https://randomuser.me/api/portraits/women/65.jpg,https://randomuser.me/api/portraits/med/women/65.jpg,https://randomuser.me/api/portraits/thumb/women/65.jpg
male,asher.clarke@example.com,(696)-391-8221,(739)-362-9851,NZ,Mr,Asher,Clarke,8182,Nelson Street,Rotorua,Marlborough,New Zealand,21876,44.2040,-106.6330,+4:00,"Abu Dhabi, Muscat, Baku, Tbilisi",f459b7e2-7608-4573-a610-4c7c2354dfac,happymeercat463,miller1,y059w0Xk,60c54fb60955958868edacba5b2a2c33,5e8e7f9596be1bb747e0cee7d9927bb990d43637,92dce57e08f1d97df1226453b344592a343607c66aa520e46f4bf05e31cc1001,1980-08-16T15:04:43.045Z,45,2005-03-19T10:02:02.388Z,20,,,https://randomuser.me/api/portraits/men/9.jpg,https://randomuser.me/api/portraits/med/men/9.jpg,https://randomuser.me/api/portraits/thumb/men/9.jpg
male,richard.stewart@example.com,(908) 363-3241,(586) 416-1335,US,Mr,Richard,Stewart,5254,Wycliff Ave,Everett,Montana,United States,10283,-65.0557,101.8393,+4:00,"Abu Dhabi, Muscat, Baku, Tbilisi",bfa1be27-0094-4f55-9e13-3c6acd4aeb6e,sadleopard898,rsalinas,BU38dnxH,d2f4bf49ba42f762013a7c8301f18091,aaab784e1ddc45450821d1a0531b771f2fc3a6b6,bf95e69d71b7e4faad66e324f82977a3227e36c397458378baef832f15a27dfb,1953-02-02T00:49:53.700Z,72,2013-10-03T04:22:39.104Z,12,SSN,014-07-2922,https://randomuser.me/api/portraits/men/57.jpg,https://randomuser.me/api/portraits/med/men/57.jpg,https://randomuser.me/api/portraits/thumb/men/57.jpg
female,rusana.nikonenko@example.com,(066) V55-4595,(067) T54-3160,UA,Ms,Rusana,Nikonenko,766,Gruzecka,Sevastopol,Kirovogradska,Ukraine,57831,-34.1531,161.4093,0:00,"Western Europe Time, London, Lisbon, Casablanca",d23b32f2-ed0d-4a20-be55-ade0cf455892,organictiger788,phoebe,MMnM3ROl,520e17eebc2336155ba41d8da9056739,7b65bbc7887d694e2086e80a840debccd046ea90,6da6ed43d4e4829e1aa002dffd75ba95f6f3a5227f5004dd4968fc12b4708df2,1996-10-12T23:21:02.935Z,29,2010-04-25T08:08:26.498Z,15,,,https://randomuser.me/api/portraits/women/12.jpg,https://randomuser.me/api/portraits/med/women/12.jpg,https://randomuser.me/api/portraits/thumb/women/12.jpg
female,blanca.vidal@example.com,914-017-775,645-672-964,ES,Mrs,Blanca,Vidal,1628,Calle del Pez,Alcalá de Henares,Melilla,Spain,69999,20.7777,163.9885,+5:45,Kathmandu,32e4a68b-1b6c-4743-a171-443c1cde0990,blackcat539,splinter,LvBcS3uU,59069bbc216e16f188f48401ba1cb35c,d1ceccf6ea08671c97a909a992467debaa70a701,b6e3fdce92156f84e73137cb9b578c83de5f5dbdc94e4694f1c9386f22dfa34e,1955-05-03T23:52:58.484Z,70,2021-02-21T03:40:33.649Z,4,DNI,77744278-N,https://randomuser.me/api/portraits/women/63.jpg,https://randomuser.me/api/portraits/med/women/63.jpg,https://randomuser.me/api/portraits/thumb/women/63.jpg
male,mhmdprs.rdyy@example.com,048-86505610,0972-092-1714,IR,Mr,محمدپارسا,رضایی,6890,اقبال لاهوری,شهریار,آذربایجان شرقی,Iran,75837,51.7315,66.2963,0:00,"Western Europe Time, London, Lisbon, Casablanca",56786204-0e99-4da2-85a0-d0005c4de407,silverpanda580,555555,U4qcJZkl,1c2bbd8d84b6f5db44ede3e982a63d2b,a9671f9b8e3790038810f74c9d4afcd268516e13,89f712432090fe11c46d5f0dffc00a238cbac1f0f05a41ad4e5c4f8427d7c0d0,1958-04-04T07:48:51.157Z,67,2018-10-08T06:15:16.149Z,7,,,https://randomuser.me/api/portraits/men/37.jpg,https://randomuser.me/api/portraits/med/men/37.jpg,https://randomuser.me/api/portraits/thumb/men/37.jpg
female,emily.french@example.com,D31 N26-9788,U07 Q32-0093,CA,Ms,Emily,French,1111,Dufferin St,Keswick,Saskatchewan,Canada,I3H 2B3,42.3077,60.9148,-12:00,"Eniwetok, Kwajalein",0ca4d491-f6a2-4c55-b942-4aab360f125c,redbird551,point,mSoxyZWS,2d80ef0dfcecdcc9df6f7cf99c688522,dbbc1d79a12f99d14907e17bb5e4b8ba98309280,a8ea310313595ff91b39d120f3f0de7cd4e3bcdf88273c68fa5a72aa15ff6d4a,1957-06-10T10:06:24.710Z,68,2005-05-05T21:14:35.325Z,20,SIN,852817790,https://randomuser.me/api/portraits/women/95.jpg,https://randomuser.me/api/portraits/med/women/95.jpg,https://randomuser.me/api/portraits/thumb/women/95.jpg
male,frederikke.pedersen@example.com,73929915,12817814,DK,Mr,Frederikke,Pedersen,4146,Bøgebakken,Tisvilde,Nordjylland,Denmark,80554,29.4656,164.8589,-2:00,Mid-Atlantic,9820ae79-045e-47ff-bed5-3b5b0e864747,redmeercat725,francois,oMY8WPLa,22cefc7818dddc8d7792e0b60671db94,fe4069b132f4db2d0801ab34ce4ebfc8b50338f1,860a10758fad498a35efc4416ca93f06ffaba1c873388984c157fa768d362983,1970-01-01T18:45:28.753Z,55,2002-04-17T18:53:51.736Z,23,CPR,010170-8979,https://randomuser.me/api/portraits/men/93.jpg,https://randomuser.me/api/portraits/med/men/93.jpg,https://randomuser.me/api/portraits/thumb/men/93.jpg
male,david.blanco@example.com,923-588-642,611-707-388,ES,Mr,David,Blanco,6702,Avenida del Planetario,Lorca,Región de Murcia,Spain,60741,75.2849,35.0841,-9:00,Alaska,81c62480-0b43-49d3-b3b3-327b6493d93b,smallpeacock169,support,deOOWsQd,dc0f38bc8fe0adabb1d47b62e73e8388,f05c3f72464753d94898d10de56e9d34130f31a0,6754bad167aeb03fae9374b08129dc9b5f2b8beb1d78ae771b8fdefc59746495,1975-05-14T01:05:27.047Z,50,2010-04-27T14:42:44.981Z,15,DNI,89883317-P,https://randomuser.me/api/portraits/men/82.jpg,https://randomuser.me/api/portraits/med/men/82.jpg,https://randomuser.me/api/portraits/thumb/men/82.jpg
female,anel.rolon@example.com,(629) 545 9370,(618) 328 9192,MX,Mrs,Anel,Rolón,3135,Corredor Portugal,Coquimatlán,Queretaro,Mexico,85056,0.5054,-3.9688,+9:30,"Adelaide, Darwin",3353cd30-3fff-4b73-9b19-8b37b0debb0e,crazyfrog220,elijah,FaJjA3rS,5e9359280e8582b9735d8da22c8b231f,5e307fc4ea63f6452b28988a45dbba985fbfd7b1,98154a49cecce67b7bde4808a930da939b7c557a805bf3be80649344f70109d7,1960-07-17T08:35:56.312Z,65,2017-06-27T02:04:46.020Z,8,NSS,36 88 79 1797 5,https://randomuser.me/api/portraits/women/60.jpg,https://randomuser.me/api/portraits/med/women/60.jpg,https://randomuser.me/api/portraits/thumb/women/60.jpg
female,hiba.thuen@example.com,51023619,91038185,NO,Miss,Hiba,Thuen,8736,Manglerudveien,Helle,Description,Norway,3204,-43.4765,124.0517,+5:45,Kathmandu,ddff5710-191a-4d57-b8e0-1891ea041f5a,silverlion204,gateway2,arpsLiGD,d68d5dc2bd777735ea31b06898dcea02,81d03e18db8213fff728396d324ea4497e5eb29d,00472ec162cf59d84ed372658f3a9e3b3366752b57e93df68c6d875df1b13a8a,1968-04-21T01:04:49.917Z,57,2019-07-17T22:31:46.832Z,6,FN,21046837034,https://randomuser.me/api/portraits/women/53.jpg,https://randomuser.me/api/portraits/med/women/53.jpg,https://randomuser.me/api/portraits/thumb/women/53.jpg
male,cohen.taylor@example.com,(971)-838-4984,(343)-681-6824,NZ,Mr,Cohen,Taylor,6402,Highgate,Auckland,Canterbury,New Zealand,94612,83.9624,-27.3236,-12:00,"Eniwetok, Kwajalein",3384104e-7633-4301-98e1-66308d7ccf40,goldenswan598,papers,BG5CQKQX,8a6862036f72299e2776720f7046eaac,0673ce442e4a615589189418a58d74ffa91bb9a7,5fa7133382c3ae2dd7d1d56cf4125b2c47704f9251efec9ce3f5ff3a0f1e990b,1969-02-28T10:04:19.968Z,56,2022-04-29T00:41:49.357Z,3,,,https://randomuser.me/api/portraits/men/59.jpg,https://randomuser.me/api/portraits/med/men/59.jpg,https://randomuser.me/api/portraits/thumb/men/59.jpg
female,mrl.glshn@example.com,007-25124668,0903-367-9665,IR,Mrs,مارال,گلشن,3270,شهید شواخ,همدان,مازندران,Iran,60283,-60.2913,18.5698,+2:00,"Kaliningrad, South Africa",69549aae-75aa-4c58-9f8a-e344433f3c5f,beautifulcat546,rambo,4uxyWyGz,8d4ea8afbcb8bd83ffcc99393c3690a1,55e8a8d57998cbf2bdf59e174b603ec243ad730c,0611bd05153e8d48ff19ebb0ffa2d3dd26e93029dffdceda09cf4de2332ae4e1,1967-12-21T02:04:34.395Z,57,2006-12-06T01:52:32.127Z,18,,,https://randomuser.me/api/portraits/women/91.jpg,https://randomuser.me/api/portraits/med/women/91.jpg,https://randomuser.me/api/portraits/thumb/women/91.jpg
male,emre.alpugan@example.com,(126)-141-6781,(072)-367-3458,TR,Mr,Emre,Alpuğan,8170,Doktorlar Cd,Aksaray,Çanakkale,Turkey,23091,-52.9446,159.5682,-8:00,Pacific Time (US & Canada),7a6a048e-526b-4ee5-a0ec-6705fda8ed12,lazyrabbit578,letter,L6OKPxBf,dc3a77ee44908243e89bdf897e7c5b6e,d40465b9899d519eb2e8da9e689005e00e0ee8c8,0c5fceb702e160c8bfd50fe20481ab44afa77adf9b15f351171079613edf8882,1973-06-07T16:56:38.148Z,52,2017-11-03T21:55:40.404Z,7,,,https://randomuser.me/api/portraits/men/99.jpg,https://randomuser.me/api/portraits/med/men/99.jpg,https://randomuser.me/api/portraits/thumb/men/99.jpg
male,juancarlos.valverde@example.com,(696) 683 0347,(638) 339 1032,MX,Mr,Juan Carlos,Valverde,7846,Retorno Croacia,Pedro Escobedo,Baja California,Mexico,59764,-38.9147,98.0594,-1:00,"Azores, Cape Verde Islands",185102a1-1688-48ad-bcca-27713327723a,ticklishbird648,virginia,VJjphZWO,d27eb16df9df221aea1b60a7ad5f44c3,3c1b49b5d82bb4c6bc92d413bdfc94ef66cb4d2d,3c5e3c7bcc759b0549149adb9985a327dffaad397ae452f001de09e789c9fd53,1989-05-12T03:13:55.790Z,36,2007-03-10T21:14:27.563Z,18,NSS,54 76 97 2845 8,https://randomuser.me/api/portraits/men/69.jpg,https://randomuser.me/api/portraits/med/men/69.jpg,https://randomuser.me/api/portraits/thumb/men/69.jpg
female,lilja.maki@example.com,03-494-755,043-534-61-20,FI,Ms,Lilja,Maki,3985,Satakennankatu,Hamina,Lapland,Finland,57205,-56.6838,55.9960,-10:00,Hawaii,8d275ae7-d057-406e-a328-f6186dfb7a91,heavypeacock348,renault,q6ghyeAY,b1841bbffbd3efd6b762b5bf4fad1141,39465d9b609669d7e812a682081715cd5f9b8219,96bad10ffc1099afdb1eab83b2e8ea6f51be2132c5ccc96f89438d6fe4c7fd96,1974-03-27T08:53:45.780Z,51,2010-05-07T07:32:55.693Z,15,HETU,NaNNA882undefined,https://randomuser.me/api/portraits/women/54.jpg,https://randomuser.me/api/portraits/med/women/54.jpg,https://randomuser.me/api/portraits/thumb/women/54.jpg
male,ryder.wilson@example.com,Q20 U32-8288,X46 B94-0755,CA,Mr,Ryder,Wilson,2623,Wellington St,Burlington,Yukon,Canada,Z2X 8N2,-52.4139,113.2248,+7:00,"Bangkok, Hanoi, Jakarta",7c5a2f06-cd0f-4ff8-b306-8a0ba201ada0,greenmouse355,licking,iIIDgMmB,84d858545184a0a73dd02211b1f9430f,182414ce171dcf6d34f949112e2984c63c5301f5,508833e0d5858d2cd7817b76c7e44d4420a056ff59fcc21622f665f8fc80c3d7,1984-09-21T11:22:19.618Z,41,2003-08-10T03:34:29.301Z,22,SIN,458246626,https://randomuser.me/api/portraits/men/74.jpg,https://randomuser.me/api/portraits/med/men/74.jpg,https://randomuser.me/api/portraits/thumb/men/74.jpg
female,vladilena.turula@example.com,(067) I78-4136,(097) E11-4784,UA,Mrs,Vladilena,Turula,4282,Malovnichiy provulok,Ugniv,Hersonska,Ukraine,20122,56.7295,-140.2657,+11:00,"Magadan, Solomon Islands, New Caledonia",545df868-59df-49a1-9b2f-42e6398b2adc,greendog313,iomega,zymRt6aZ,a238493e3cc09d9a6caaedd5be37b93e,00d2239de23e45cf12177c36f5e283297eaa62c5,33ee15615cb60d741caea25b9bb8e673354dfc9eb3f0ad7e03833c7479430f50,1984-11-15T00:08:29.915Z,40,2019-12-27T20:19:30.085Z,5,,,https://randomuser.me/api/portraits/women/61.jpg,https://randomuser.me/api/portraits/med/women/61.jpg,https://randomuser.me/api/portraits/thumb/women/61.jpg
female,jocemara.novaes@example.com,(94) 2008-1801,(02) 4406-4647,BR,Mrs,Jocemara,Novaes,1591,Rua Onze ,Pinhais,Rio de Janeiro,Brazil,64937,57.6241,-67.0156,0:00,"Western Europe Time, London, Lisbon, Casablanca",115395e5-a483-48b7-8edf-78d63b4ec4df,tinyswan970,jayden,LWzA1Ci0,3f7cd2b762331a884ee0119e73a48f96,6b971626130a3cb3851640bfb7d8a74e85901374,503bb10d06db8c1339569057cc107ca351c6bf4f96cc4fd934270c1ad2da9883,1993-02-17T19:22:46.315Z,32,2016-03-06T04:13:54.271Z,9,CPF,019.499.905-24,https://randomuser.me/api/portraits/women/47.jpg,https://randomuser.me/api/portraits/med/women/47.jpg,https://randomuser.me/api/portraits/thumb/women/47.jpg
female,sara.luoma@example.com,08-326-678,045-118-60-91,FI,Miss,Sara,Luoma,40,Pyynikintie,Kumlinge,Southern Savonia,Finland,73259,88.4915,133.4151,+5:45,Kathmandu,afc0b7f2-402e-43cf-ba15-76bbb2598977,bluefrog682,flexible,g482md3z,32cb7ee306c60d54d9c069f817b9e236,49836ba3cfffe3b30f99b327921ca93dea76e9fb,41568199632ac7a0590faf00dbc3cdf0272a61890f5129e2f28383dc6c7a834e,1975-03-11T05:50:20.218Z,50,2021-04-19T10:07:24.764Z,4,HETU,NaNNA022undefined,https://randomuser.me/api/portraits/women/81.jpg,https://randomuser.me/api/portraits/med/women/81.jpg,https://randomuser.me/api/portraits/thumb/women/81.jpg
female,sophie.jackson@example.com,(286)-602-8011,(355)-644-0347,NZ,Mrs,Sophie,Jackson,3460,East Tamaki Road,Nelson,Tasman,New Zealand,78051,-59.2954,106.3066,+8:00,"Beijing, Perth, Singapore, Hong Kong",9d881125-8f6a-4ce5-98f8-79a15b21e8bc,smallsnake992,edison,bNzBaqQ0,e659b063a47a480cec313f757b0a1b67,868a980f7c3e8d498a2bcf6122cda2c104a3ddb6,ad97594aef3399d5a246d6d28a77089859675fb15eb88f4eed0e5fd774894b22,1957-04-16T07:12:05.854Z,68,2002-10-31T20:24:09.517Z,22,,,https://randomuser.me/api/portraits/women/50.jpg,https://randomuser.me/api/portraits/med/women/50.jpg,https://randomuser.me/api/portraits/thumb/women/50.jpg
male,kristijan.rodic@example.com,027-9451-176,066-7696-681,RS,Mr,Kristijan,Rodić,6992,Avalska,Medveđa,Kosovo,Serbia,12037,-81.8942,-40.9915,-3:30,Newfoundland,5ace1f60-1a1e-43fa-8b4b-ab803f6ad246,angryzebra205,score,KcHoTz0e,20fb4bfa0580ece4ef4ec79d4df703c6,ca4e28413bf0389506c52bf3e54edb31f843ffc8,f888f430fabf843ea79a3f0e78ae1d19394e94a1fe37e53be4a2b94ec9d45902,1954-04-28T05:06:54.606Z,71,2005-03-17T19:15:53.790Z,20,SID,602418485,https://randomuser.me/api/portraits/men/67.jpg,https://randomuser.me/api/portraits/med/men/67.jpg,https://randomuser.me/api/portraits/thumb/men/67.jpg
male,gisbert.knoche@example.com,0126-4377907,0176-7150818,DE,Mr,Gisbert,Knoche,6876,Wiesenstraße,Mengen,Rheinland-Pfalz,Germany,65557,81.6463,152.0408,+10:00,"Eastern Australia, Guam, Vladivostok",23bb7663-6b1c-4e35-ba79-ddb70e039ee4,beautifultiger127,quebec,pWfh9u0L,8cffe5b0a96dd2c210babbefce70e515,c46f7631248e41bbb4a49bce7cb2e05fa5e25233,6aaeff7a7eaeebd99f6fcda82fd3f43d08fe80ea0b7fa28476ad316e544aaf8d,1963-04-22T19:47:13.687Z,62,2008-04-28T13:52:04.777Z,17,SVNR,28 220463 K 399,https://randomuser.me/api/portraits/men/72.jpg,https://randomuser.me/api/portraits/med/men/72.jpg,https://randomuser.me/api/portraits/thumb/men/72.jpg
male,alfredo.herrero@example.com,939-543-970,610-019-263,ES,Mr,Alfredo,Herrero,3199,Avenida de Salamanca,Oviedo,Galicia,Spain,24233,73.6491,150.6977,+4:00,"Abu Dhabi, Muscat, Baku, Tbilisi",20a8db2d-2c14-4ce9-970b-dbdbfefd3b1e,tinykoala495,11111111,rDzd7kvI,f828401a6062a67a58a0979cf3ec1a39,1a2a5c06cc6e7db429d77af1cc55494f38f71e30,a01e70c6c17ff12c691763f1d9578a34c0f01d7b7385f14432530088a64d8acc,1964-01-31T13:42:10.564Z,61,2020-11-10T06:07:23.407Z,4,DNI,24744192-H,https://randomuser.me/api/portraits/men/65.jpg,https://randomuser.me/api/portraits/med/men/65.jpg,https://randomuser.me/api/portraits/thumb/men/65.jpg
female,lena.simon@example.com,078 916 75 72,078 772 93 15,CH,Madame,Lena,Simon,3842,Place du 8 Novembre 1942,Flumenthal,Uri,Switzerland,1380,-2.6856,-60.6888,-6:00,"Central Time (US & Canada), Mexico City",19ed808a-5a81-4544-8d1b-a68ca796c498,orangesnake930,tatiana,D8yP4pvc,9fcd186b9adfaa0ffeeaa8de66603872,4f3f5d453891e87a50e07c540cd823fa4fa57ebf,c632547fa586fdbecf43b2b5e5bb5937dae8e70fee0fef052b9dba37e2ecbde8,1987-01-04T13:01:32.008Z,38,2003-05-18T08:09:51.342Z,22,AVS,756.2829.8435.64,https://randomuser.me/api/portraits/women/32.jpg,https://randomuser.me/api/portraits/med/women/32.jpg,https://randomuser.me/api/portraits/thumb/women/32.jpg
female,evie.morris@example.com,(255)-763-2753,(859)-123-5161,NZ,Ms,Evie,Morris,1829,Lincoln Road,Invercargill,Wellington,New Zealand,63613,60.5901,-30.2054,+10:00,"Eastern Australia, Guam, Vladivostok",22081c48-490e-4927-b9e2-52e3ce626b69,sadduck430,buffett,GLNjC2E0,eb212cdbb67379a2626cd42cfeaf80f9,cf7c13b62deb46c17638cdd75be686a7043f6e62,e260410c59985dc08f9025e3f86c080d598b2ae778a100a8a8c7f75592928cdb,1952-02-09T08:28:12.414Z,73,2013-12-02T02:36:40.273Z,11,,,https://randomuser.me/api/portraits/women/59.jpg,https://randomuser.me/api/portraits/med/women/59.jpg,https://randomuser.me/api/portraits/thumb/women/59.jpg
